h_over_J,parameters,optimizer_energy,optimizer_success,optimizer_evaluations,vqe_energy,vqe_mz,vqe_mz2,vqe_mx,vqe_czz,se_mz,se_mz2,se_mx,se_czz,ed_energy,ed_mz,ed_mz2,ed_mx,ed_czz,abs_error_energy
0.5,"[3.0250190933209335, 1.0794427601939152]",-6.93,False,4,-6.9821,-0.997325,0.99533125,0.004825,0.9946857142857143,0.00025964625766204127,0.0004521529432306634,0.0035522258892667336,0.0005288220698918335,-7.6405925535900705,-3.58046925441613e-14,0.8879925431242273,0.331023606081115,0.9023568756093734,0.6584925535900705
1.0,"[2.0250190933209335, 1.0794427601939152]",-7.308,False,4,-6.970599999999998,0.996825,0.99444375,0.001825,0.9937142857142856,0.00027995495169314536,0.0004899211654629637,0.003555672400281248,0.000572285157985635,-9.837951447459416,1.6375789613221059e-15,0.44039114634565435,0.7479236392260556,0.5506517619501382,2.8673514474594173
2.0,"[1.0250190933209333, 1.0794427601939152]",-6.847999999999999,False,4,-6.930199999999999,-0.996925,0.99461875,-0.0018,0.9941428571428571,0.000275566745459494,0.0004822418045540579,0.0034942305254084868,0.000545732223638117,-16.885141493208167,-2.220446049250313e-16,0.20844443176076288,0.9433631887122663,0.2559043534017016,9.954941493208167
